"PLANNING DU 1ER SEMESTRE 2017/2018 - MASTER MVA ","","","","","","","","","","","","","","","","","","","","","","","","",""
"","","vendredi 29 septembre 2017","","","","","","","","","","","","","","","","","","","","","","",""
"","","9h00 - 12h30","","","","","","","","","","","","","","","","","","","","","","",""
"","","Réunion de rentrée","","","","","","","","","","","","","","","","","","","","","","",""
"","","Amphi Marie Curie","","","","","","","","","","","","","","","","","","","","","","",""
"","","Batiment D'Alembert ENS Cachan","","","","","","","","","","","","","","","","","","","","","","",""
"semaine 40","","","","","","","","","","","","","","","","","","","","","","","","",""
"lundi 2 octobre 2017","mardi 3 octobre 2017","mercredi 4 octobre 2017","jeudi 5 octobre 2017","vendredi 6 octobre 2017","","","","","","","","","","","","","","","","","","","","",""
"","08h45 - 10h45","09h00 - 12h00","09h00 - 12h15","","","","","","","","","","","","","","","","","","","","","",""
"","Reinforcement Learning","Probabilistic Graphical Models","Introduction à l'imagerie numérique","","","","","","","","","","","","","","","","","","","","","",""
"","A, Lazaric","Bach / Obozinski","Gousseau / Delon","","","","","","","","","","","","","","","","","","","","","",""
"","Salle Condorcet","Amphi Marie Curie","Telecom Salle C49","","","","","","","","","","","","","","","","","","","","","",""
"10h30-12h30","11h00 - 13h00","13h00 - 16h00","","9h00-12h00","","","","","","","","","","","","","","","","","","","","",""
"Graphs in Machine Learning","Introduction to Statistical Learning","TP Optimisation et caractéristiques des minimiseurs. Application aux images.","","Unsupervised learning: From big data to low-dimensional representations","","","","","","","","","","","","","","","","","","","","",""
"M, Valko","N, Vayatis","S Ladjal -","","R. Vidal","","","","","","","","","","","","","","","","","","","","",""
"Salle Condorcet","Salle Condorcet","Salle C109","","Salle C315","","","","","","","","","","","","","","","","","","","","",""
"13h30 - 16h30","12h45 - 15h45","14h00-18h00","13h30 - 16h00","14h00 - 17h00","","","","","","","","","","","","","","","","","","","","",""
"Optimisation convexe :
  modélisation, algorithmes et applications","3D Computer Vision","Computational Statistics","Sub-pixel Image Processing","The partial differential equations of image processing","","","","","","","","","","","","","","","","","","","","",""
"A, D'Aspremont","P. Monasse","S.Allassonnière","L, Moisan","JM, Morel","","","","","","","","","","","","","","","","","","","","",""
"Amphi Dussane ENS Ulm","Telecom salle C49","Amphi Curie/TP C109","Salle C103","Salle C103","","","","","","","","","","","","","","","","","","","","",""
"","16h15 - 19h15","13h30 - 17h00","16h15 - 18h15","","","","","","","","","","","","","","","","","","","","","",""
"","Object Recognition and Computer 
 Vision","Introduction to Medical Image Analysis","TP-Sub-pixel Image Processing","","","","","","","","","","","","","","","","","","","","","",""
"","Ponce / Sivic","X. Pennec","L, Moisan","","","","","","","","","","","","","","","","","","","","","",""
"","ENS Ulm Immeuble Rataud Amphi Galois","Salle C102","Salle C109","","","","","","","","","","","","","","","","","","","","","",""
"","16h00-18h00","","","","","","","","","","","","","","","","","","","","","","","",""
"","Lecture Group: foundations and theory of mathematics for learning & vision","","","","","","","","","","","","","","","","","","","","","","","",""
"","V.Perchet","","","","","","","","","","","","","","","","","","","","","","","",""
"","salle C103","","","","","","","","","","","","","","","","","","","","","","","",""
"semaine 41","","","","","","","","","","","","","","","","","","","","","","","","",""
"lundi 09 octobre 2017","mardi 10 octobre 2017","mercredi 11 octobre 2017","jeudi 12 octobre 2017","vendredi 13 octobre 2017","","","","","","","","","","","","","","","","","","","","",""
"10h00-12h30","08h45 - 10h45","09h00 - 12h00","","9h00-12h00","","","","","","","","","","","","","","","","","","","","",""
"Parcimonie et Compressed
  Sensing","Introduction to Statistical Learning","Probabilistic Graphical Models","Introduction à l'imagerie numérique","Unsupervised learning: From big data to low-dimensional representations","","","","","","","","","","","","","","","","","","","","",""
"G, Peyre","N, Vayatis","Bach / Obozinski","Gousseau / Delon","R. Vidal","","","","","","","","","","","","","","","","","","","","",""
"ENS Ulm salle Henri Cartan","Salle Condorcet","Amphi Marie Curie","Telecom Salle C49","Salle C315","","","","","","","","","","","","","","","","","","","","",""
"","11h00 -13h00","","","","","","","","","","","","","","","","","","","","","","","",""
"","Analyse topologique de données","","","","","","","","","","","","","","","","","","","","","","","",""
"","J.Tierny / F.Chazal","","","","","","","","","","","","","","","","","","","","","","","",""
"","Salle C103","","","","","","","","","","","","","","","","","","","","","","","",""
"10h30-12h30","11h00 - 13h00","","","","","","","","","","","","","","","","","","","","","","","",""
"Graphs in Machine Learning","Reinforcement Learning","","","","","","","","","","","","","","","","","","","","","","","",""
"M, Valko","A, Lazaric","","","","","","","","","","","","","","","","","","","","","","","",""
"Salle Condorcet","Salle Condorcet","","","","","","","","","","","","","","","","","","","","","","","",""
"13h30 - 16h30","","13h30 - 16h30","13h30 - 16h00","14h00 - 17h00","","","","","","","","","","","","","","","","","","","","",""
"Optimisation convexe :
  modélisation, algorithmes et applications","","Optimisation et caractéristiques des minimiseurs. Application aux images.","Sub-pixel Image Processing","The partial differential equations of image processing","","","","","","","","","","","","","","","","","","","","",""
"A, D'Aspremont","","S Ladjal","L, Moisan","JM, Morel","","","","","","","","","","","","","","","","","","","","",""
"Amphi Dussane ENS Ulm","","Salle C103","Salle C103","Salle C103","","","","","","","","","","","","","","","","","","","","",""
"","16h15 - 19h15","13h30 - 17h00","16h15 - 18h15","","","","","","","","","","","","","","","","","","","","","",""
"","Object Recognition and Computer 
 Vision","Introduction to Medical Image Analysis","TP-Sub-pixel Image Processing","","","","","","","","","","","","","","","","","","","","","",""
"","Ponce / Sivic","X. Pennec","L, Moisan","","","","","","","","","","","","","","","","","","","","","",""
"","ENS Ulm Immeuble Rataud Amphi Galois","Salle C102","Salle C109","","","","","","","","","","","","","","","","","","","","","",""
"","16h00-18h00","14h00-18h00","","","","","","","","","","","","","","","","","","","","","","",""
"","Lecture Group: foundations and theory of mathematics for learning & vision","Computational Statistics","","","","","","","","","","","","","","","","","","","","","","",""
"","","S.Allassonnière","","","","","","","","","","","","","","","","","","","","","","",""
"","V.Perchet","","","","","","","","","","","","","","","","","","","","","","","",""
"","salle C103","Condorcet/TP C109","","","","","","","","","","","","","","","","","","","","","","",""
"semaine 42","","","","","","","","","","","","","","","","","","","","","","","","",""
"lundi 16 octobre 2017","mardi 17 octobre 2017","mercredi 18 octobre 2017","jeudi 19 octobre 2017","vendredi 20 octobre 2017","","","","","","","","","","","","","","","","","","","","",""
"10h00-12h30","08h00* - 10h00*","09h00 - 12h00","09h00 - 12h15","9h00-12h00","","","","","","","","","","","","","","","","","","","","",""
"Parcimonie et Compressed
  Sensing","Introduction to Statistical Learning","Probabilistic Graphical Models","Introduction à l'imagerie numérique","Unsupervised learning: From big data to low-dimensional representations","","","","","","","","","","","","","","","","","","","","",""
"G, Peyre","N, Vayatis","Bach / Obozinski","Gousseau / Delon","R. Vidal","","","","","","","","","","","","","","","","","","","","",""
"ENS Ulm salle Henri Cartan","Salle Condorcet","Amphi Curie","Telecom Salle C49","Salle C315","","","","","","","","","","","","","","","","","","","","",""
"10h30-12h30","11h00 -13h00","","13h30 - 18h45","11h00 - 13h00","","","","","","","","","","","","","","","","","","","","",""
"Graphs in Machine Learning","TP Analyse topologique de données","","Méthodes mathématiques pour les
  neurosciences","Reinforcement Learning","","","","","","","","","","","","","","","","","","","","",""
"M, Valko","J.Tierny / F.Chazal","","Tanre / Veltz","A, Lazaric","","","","","","","","","","","","","","","","","","","","",""
"Salle Condorcet","Salle C109","","Jussieu, salle à venir","Salle Condorcet","","","","","","","","","","","","","","","","","","","","",""
"13h30 - 16h30","12h45 - 15h45","13h00 - 16h00","13h30 - 16h00","14h00 - 17h00","","","","","","","","","","","","","","","","","","","","",""
"Optimisation convexe :
  modélisation, algorithmes et applications","3D Computer Vision","TP Optimisation et caractéristiques des minimiseurs. Application aux images.","Sub-pixel Image Processing","The partial differential equations of image processing","","","","","","","","","","","","","","","","","","","","",""
"A, D'Aspremont","P Monasse","S Ladjal -","L, Moisan","JM, Morel","","","","","","","","","","","","","","","","","","","","",""
"Amphi Dussane ENS Ulm","Telecom salle C49","Salle C109","Salle C103","Salle C103","","","","","","","","","","","","","","","","","","","","",""
"13h45-16h45","16h15 - 19h15","13h30 - 17h00","16h15 - 18h15","","","","","","","","","","","","","","","","","","","","","",""
"Discrete Inference and Learning","Object Recognition and Computer 
 Vision","Introduction to Medical Image Analysis","TP-Sub-pixel Image Processing","","","","","","","","","","","","","","","","","","","","","",""
"N.Paragios/Y.Tarabalka/K.Alahari","Ponce / Sivic","X. Pennec","L, Moisan","","","","","","","","","","","","","","","","","","","","","",""
"CentraleSupélec Salle à confirmer","ENS Ulm Immeuble Rataud Amphi Galois","Salle C102","Salle C109","","","","","","","","","","","","","","","","","","","","","",""
"","16h00-18h00","14h00-18h00","","","","","","","","","","","","","","","","","","","","","","",""
"","Lecture Group: foundations and theory of mathematics for learning & vision","Computational Statistics","","","","","","","","","","","","","","","","","","","","","","",""
"","V.Perchet","S.Allassonnière","","","","","","","","","","","","","","","","","","","","","","",""
"","salle C103","Condorcet/TP C109","","","","","","","","","","","","","","","","","","","","","","",""
"semaine 43","","","","","","","","","","","","","","","","","","","","","","","","",""
"lundi 23 octobre 2017","mardi 24 octobre 2017","mercredi 25 octobre 2017","jeudi 26 octobre 2017","vendredi 27 octobre 2017","","","","","","","","","","","","","","","","","","","","",""
"10h00-12h30","08h45 - 10h45","09h00 - 12h00","09h00 - 12h15","","","","","","","","","","","","","","","","","","","","","",""
"Parcimonie et Compressed
  Sensing","Introduction to Statistical Learning","Probabilistic Graphical Models","Introduction à l'imagerie numérique","","","","","","","","","","","","","","","","","","","","","",""
"G, Peyre","N, Vayatis","Bach / Obozinski","Gousseau / Delon","","","","","","","","","","","","","","","","","","","","","",""
"ENS Ulm salle Henri Cartan","Salle Condorcet","Amphi Marie Curie","Telecom Salle C49","","","","","","","","","","","","","","","","","","","","","",""
"","11h00 -13h00","","","","","","","","","","","","","","","","","","","","","","","",""
"","Analyse topologique de données","","","","","","","","","","","","","","","","","","","","","","","",""
"","J.Tierny / F.Chazal","","","","","","","","","","","","","","","","","","","","","","","",""
"","Salle C103","","","","","","","","","","","","","","","","","","","","","","","",""
"10h30-12h30","11h00 - 13h00","13h30 - 16h30","13h30 - 18h45","","","","","","","","","","","","","","","","","","","","","",""
"Graphs in Machine Learning","Reinforcement Learning","Optimisation et caractéristiques des minimiseurs. Application aux images.","Méthodes mathématiques pour les
  neurosciences","","","","","","","","","","","","","","","","","","","","","",""
"M, Valko","A, Lazaric","S Ladjal","Tanre / Veltz","","","","","","","","","","","","","","","","","","","","","",""
"Salle Condorcet","Salle Condorcet","Salle C103","Jussieu, salle à venir","","","","","","","","","","","","","","","","","","","","","",""
"13h30 - 16h30","16h15 - 19h15","13h30 - 17h00","","14h00 - 17h00","","","","","","","","","","","","","","","","","","","","",""
"Optimisation convexe :
  modélisation, algorithmes et applications","Object Recognition and Computer 
 Vision","Introduction to Medical Image Analysis","","The partial differential equations of image processing","","","","","","","","","","","","","","","","","","","","",""
"A, D'Aspremont","Ponce / Sivic","X. Pennec","","JM, Morel","","","","","","","","","","","","","","","","","","","","",""
"Amphi Jean Jaures, 29 rue d'Ulm","ENS Ulm Immeuble Rataud Amphi Galois","Salle C102","","Salle C103","","","","","","","","","","","","","","","","","","","","",""
"13h45-16h45","16h00-18h00","14h00-18h00","","","","","","","","","","","","","","","","","","","","","","",""
"Discrete Inference and Learning","Lecture Group: foundations and theory of mathematics for learning & vision","Computational Statistics","","","","","","","","","","","","","","","","","","","","","","",""
"N.Paragios/Y.Tarabalka/K.Alahari","V.Perchet","S.Allassonnière","","","","","","","","","","","","","","","","","","","","","","",""
"CentraleSupélec Salle à confirmer","salle C103","Condorcet/TP C109","","","","","","","","","","","","","","","","","","","","","","",""
"semaine 44","","","","","","","","","","","","","","","","","","","","","","","","",""
"lundi 30 octobre 2017","mardi 31 octobre 2017","mercredi 1 novembre 2017","jeudi 2 novembre 2017","vendredi 3 novembre 2017","","","","","","","","","","","","","","","","","","","","",""
"","08h45 - 10h45","FÉRIÉ","09h00 - 12h15","","","","","","","","","","","","","","","","","","","","","",""
"","Introduction to Statistical Learning","","TP Introduction à l'imagerie numérique","","","","","","","","","","","","","","","","","","","","","",""
"","N, Vayatis","","Gousseau / Delon","","","","","","","","","","","","","","","","","","","","","",""
"","Salle Condorcet","","Telecom Salle C133","","","","","","","","","","","","","","","","","","","","","",""
"","11h00 -13h00","","","","","","","","","","","","","","","","","","","","","","","",""
"","TP Analyse topologique de données","","","","","","","","","","","","","","","","","","","","","","","",""
"","J.Tierny / F.Chazal","","","","","","","","","","","","","","","","","","","","","","","",""
"","Salle C109","","","","","","","","","","","","","","","","","","","","","","","",""
"10h30-12h30","11h00 - 13h00","","13h30 - 18h45","","","","","","","","","","","","","","","","","","","","","",""
"Graphs in Machine Learning","Reinforcement Learning","","Méthodes mathématiques pour les
  neurosciences","","","","","","","","","","","","","","","","","","","","","",""
"M, Valko","A, Lazaric","","Tanre / Veltz","","","","","","","","","","","","","","","","","","","","","",""
"Salle Condorcet","Salle Condorcet","","Jussieu, salle à venir","","","","","","","","","","","","","","","","","","","","","",""
"13h45-16h45","12h45 - 15h45","","","14h00 - 17h00","","","","","","","","","","","","","","","","","","","","",""
"Discrete Inference and Learning","3D Computer Vision","","","The partial differential equations of image processing","","","","","","","","","","","","","","","","","","","","",""
"N.Paragios/Y.Tarabalka/K.Alahari","M.Aubry","","","JM, Morel","","","","","","","","","","","","","","","","","","","","",""
"CentraleSupélec Salle à confirmer","Telecom salle C48","","","Salle C103","","","","","","","","","","","","","","","","","","","","",""
"","16h15 - 19h15","","","","","","","","","","","","","","","","","","","","","","","",""
"","Object Recognition and Computer 
 Vision","","","","","","","","","","","","","","","","","","","","","","","",""
"","Ponce / Sivic","","","","","","","","","","","","","","","","","","","","","","","",""
"","ENS Ulm Immeuble Rataud Amphi Galois","","","","","","","","","","","","","","","","","","","","","","","",""
"semaine 45","","","","","","","","","","","","","","","","","","","","","","","","",""
"lundi 6 novembre 2017","mardi 7 novembre 2017","mercredi 8 novembre 2017","jeudi 9 novembre 2017","vendredi 10 novembre 2017","","","","","","","","","","","","","","","","","","","","",""
"","08h45 - 10h45","09h00 - 12h00","09h00 - 12h15","09h00-13h00","","","","","","","","","","","","","","","","","","","","",""
"","Introduction to Statistical Learning","Probabilistic Graphical Models","Introduction à l'imagerie numérique","Computational Statistics","","","","","","","","","","","","","","","","","","","","",""
"","N, Vayatis","Bach / Obozinski","Gousseau / Delon","S.Allassonnière","","","","","","","","","","","","","","","","","","","","",""
"","Salle Condorcet","Amphi Marie Curie","Telecom Salle C49","Salle Condorcet / TP C109","","","","","","","","","","","","","","","","","","","","",""
"10h00-12h30","11h00 -13h00","","11h00 - 13h00","9h00-12h00","","","","","","","","","","","","","","","","","","","","",""
"Parcimonie et Compressed
  Sensing","Analyse topologique de données","","Reinforcement Learning","Unsupervised learning: From big data to low-dimensional representations","","","","","","","","","","","","","","","","","","","","",""
"G, Peyre","J.Tierny / F.Chazal","","A, Lazaric","R. Vidal","","","","","","","","","","","","","","","","","","","","",""
"ENS Ulm salle Henri Cartan","Salle C103","","Salle Condorcet","Salle C315","","","","","","","","","","","","","","","","","","","","",""
"10h30-12h30","11h00 - 15h00","13h30 - 16h30","13h30 - 18h45","","","","","","","","","","","","","","","","","","","","","",""
"Graphs in Machine Learning","Advanced Learning for Text and
  Graph Data (ALTeGraD)","Optimisation et caractéristiques des minimiseurs. Application aux images.","Méthodes mathématiques pour les
  neurosciences","","","","","","","","","","","","","","","","","","","","","",""
"M, Valko","M, Vazirgiannis","S Ladjal","Tanre / Veltz","","","","","","","","","","","","","","","","","","","","","",""
"Salle Condorcet","ENS Cachan amphi Curie","Salle C103","Jussieu, salle à venir","","","","","","","","","","","","","","","","","","","","","",""
"13h30 - 16h30","12h45 - 15h45","13h30 - 17h00","13h30 - 16h00","14h00 - 17h00","","","","","","","","","","","","","","","","","","","","",""
"Optimisation convexe :
  modélisation, algorithmes et applications","3D Computer Vision","Introduction to Medical Image Analysis","Sub-pixel Image Processing","The partial differential equations of image processing","","","","","","","","","","","","","","","","","","","","",""
"A, D'Aspremont","P. Monasse","H.Delingette","L, Moisan","JM, Morel","","","","","","","","","","","","","","","","","","","","",""
"Amphi Dussane ENS Ulm","Telecom amphi Grenat","Salle C102","Salle C103","Salle C103","","","","","","","","","","","","","","","","","","","","",""
"13h45-16h45","16h15 - 19h15","","16h15 - 18h15","","","","","","","","","","","","","","","","","","","","","",""
"Discrete Inference and Learning","Object Recognition and Computer 
 Vision","","TP-Sub-pixel Image Processing","","","","","","","","","","","","","","","","","","","","","",""
"N.Paragios/Y.Tarabalka/K.Alahari","Ponce / Sivic","","L, Moisan","","","","","","","","","","","","","","","","","","","","","",""
"CentraleSupélec Salle à confirmer","ENS Ulm Immeuble Rataud Amphi Galois","","Salle C109","","","","","","","","","","","","","","","","","","","","","",""
"","16h00-18h00","","","","","","","","","","","","","","","","","","","","","","","",""
"","Lecture Group: foundations and theory of mathematics for learning & vision","","","","","","","","","","","","","","","","","","","","","","","",""
"","V.Perchet","","","","","","","","","","","","","","","","","","","","","","","",""
"","salle C103","","","","","","","","","","","","","","","","","","","","","","","",""
"semaine 46","","","","","","","","","","","","","","","","","","","","","","","","",""
"lundi 13 novembre 2017","mardi 14 novembre 2017","mercredi 15 novembre 2017","jeudi 16 novembre 2017","vendredi 17 novembre 2017","","","","","","","","","","","","","","","","","","","","",""
"10h00-12h30","08h45 - 10h45","09h00 - 12h00","09h00 - 12h15","09h00-13h00","","","","","","","","","","","","","","","","","","","","",""
"Parcimonie et Compressed
  Sensing","Introduction to Statistical Learning","Probabilistic Graphical Models","Introduction à l'imagerie numérique","Computational Statistics","","","","","","","","","","","","","","","","","","","","",""
"G, Peyre","N, Vayatis","Bach / Obozinski","Gousseau / Delon","S.Allassonnière","","","","","","","","","","","","","","","","","","","","",""
"ENS Ulm salle Henri Cartan","Salle Condorcet","ENPC Amphi Cauchy","Telecom Salle C49","Salle Condorcet / TP C109","","","","","","","","","","","","","","","","","","","","",""
"10h30-12h30","11h00 -13h00","09h00 - 13h00","11h00 - 13h00","9h00-12h00","","","","","","","","","","","","","","","","","","","","",""
"Graphs in Machine Learning","Analyse topologique de données","Advanced Learning for Text and
  Graph Data (ALTeGraD)","Reinforcement Learning","Unsupervised learning: From big data to low-dimensional representations","","","","","","","","","","","","","","","","","","","","",""
"M, Valko","J.Tierny / F.Chazal","M, Vazirgiannis","A, Lazaric","R. Vidal","","","","","","","","","","","","","","","","","","","","",""
"Salle Condorcet","Salle C103","ENS Cachan salle Condorcet","Salle Condorcet","Salle C315","","","","","","","","","","","","","","","","","","","","",""
"","12h45 - 15h45","","13h30 - 18h45","","","","","","","","","","","","","","","","","","","","","",""
"","3D Computer Vision","","Méthodes mathématiques pour les
  neurosciences","","","","","","","","","","","","","","","","","","","","","",""
"","P. Monasse","","Tanre / Veltz","","","","","","","","","","","","","","","","","","","","","",""
"","Telecom salle C49","","Jussieu, salle à venir","","","","","","","","","","","","","","","","","","","","","",""
"13h30 - 16h30","14h00 - 18h00","13h30 - 16h30","13h30 - 16h00","14h00 - 17h00","","","","","","","","","","","","","","","","","","","","",""
"Optimisation convexe :
  modélisation, algorithmes et applications","Advanced Learning for Text and
  Graph Data (ALTeGraD)","TP Optimisation et caractéristiques des minimiseurs. Application aux images.","Sub-pixel Image Processing","The partial differential equations of image processing","","","","","","","","","","","","","","","","","","","","",""
"A, D'Aspremont","M, Vazirgiannis","S Ladjal","L, Moisan","JM, Morel","","","","","","","","","","","","","","","","","","","","",""
"Salle Actes ENS Ulm","ENS Cachan salle Condorcet","Salle C109","Salle C103","Salle C103","","","","","","","","","","","","","","","","","","","","",""
"","16h15 - 19h15","13h30 - 17h00","16h15 - 18h15","16h00-18h00","","","","","","","","","","","","","","","","","","","","",""
"","Object Recognition and Computer 
 Vision","Introduction to Medical Image Analysis","TP-Sub-pixel Image Processing","Lecture Group: foundations and theory of mathematics for learning & vision","","","","","","","","","","","","","","","","","","","","",""
"","Ponce / Sivic","H Delingette","L, Moisan","V.Perchet","","","","","","","","","","","","","","","","","","","","",""
"","ENS Ulm Immeuble Rataud Amphi Galois","Salle C102","Salle C109","salle C102","","","","","","","","","","","","","","","","","","","","",""
"","16h00-18h00","","","","","","","","","","","","","","","","","","","","","","","",""
"","Lecture Group: foundations and theory of mathematics for learning & vision","","","","","","","","","","","","","","","","","","","","","","","",""
"","V.Perchet","","","","","","","","","","","","","","","","","","","","","","","",""
"","salle C103","","","","","","","","","","","","","","","","","","","","","","","",""
"semaine 47","","","","","","","","","","","","","","","","","","","","","","","","",""
"lundi 20 novembre 2017","mardi 21 novembre 2017","mercredi 22 novembre 2017","jeudi 23 novembre 2017","vendredi 24 novembre 2017","","","","","","","","","","","","","","","","","","","","",""
"10h00-12h30","08h45 - 10h45","09h00 - 12h00","09h00 - 12h15","09h00-13h00","","","","","","","","","","","","","","","","","","","","",""
"Parcimonie et Compressed
  Sensing","Introduction to Statistical Learning","Probabilistic Graphical Models","TP Introduction à l'imagerie numérique","Computational Statistics","","","","","","","","","","","","","","","","","","","","",""
"G, Peyre","N, Vayatis","Bach / Obozinski","Gousseau / Delon","S.Allassonnière","","","","","","","","","","","","","","","","","","","","",""
"ENS Ulm salle Henri Cartan","Salle Condorcet","Amphi Marie Curie","Telecom Salle C133","Salle Condorcet / TP C109","","","","","","","","","","","","","","","","","","","","",""
"10h30-12h30","11h00 -13h00","","","9h00-12h00","","","","","","","","","","","","","","","","","","","","",""
"Graphs in Machine Learning","TP Analyse topologique de données","","","Unsupervised learning: From big data to low-dimensional representations","","","","","","","","","","","","","","","","","","","","",""
"M, Valko","J.Tierny / F.Chazal","","","R. Vidal","","","","","","","","","","","","","","","","","","","","",""
"Salle Condorcet","Salle C109","","","Salle C315","","","","","","","","","","","","","","","","","","","","",""
"13h45-16h45","11h00 - 13h00","13h30 - 16h30","13h30 - 18h45","","","","","","","","","","","","","","","","","","","","","",""
"Discrete Inference and Learning","Reinforcement Learning","TP Optimisation et caractéristiques des minimiseurs. Application aux images.","Méthodes mathématiques pour les
  neurosciences","","","","","","","","","","","","","","","","","","","","","",""
"N.Paragios/Y.Tarabalka/K.Alahari","A, Lazaric","S Ladjal","Tanre / Veltz","","","","","","","","","","","","","","","","","","","","","",""
"CentraleSupélec Salle à confirmer","Salle Condorcet","Salle C109","Jussieu, salle à venir","","","","","","","","","","","","","","","","","","","","","",""
"","12h45 - 15h45","","","14h00 - 17h00","","","","","","","","","","","","","","","","","","","","",""
"","3D Computer Vision","","","The partial differential equations of image processing","","","","","","","","","","","","","","","","","","","","",""
"","","","","JM, Morel","","","","","","","","","","","","","","","","","","","","",""
"","R.Marlet","","","","","","","","","","","","","","","","","","","","","","","",""
"","Telecom salle C49","","","Salle C103","","","","","","","","","","","","","","","","","","","","",""
"14h00 -16h00","16h15 - 19h15","13h30 - 17h00","13h30 - 16h00","","","","","","","","","","","","","","","","","","","","","",""
"TP Analyse topologique de données","Object Recognition and Computer 
 Vision","Introduction to Medical Image Analysis","Sub-pixel Image Processing","","","","","","","","","","","","","","","","","","","","","",""
"","Ponce / Sivic","H Delingette","L, Moisan","","","","","","","","","","","","","","","","","","","","","",""
"J.Tierny / F.Chazal","","Salle C102","","","","","","","","","","","","","","","","","","","","","","",""
"Salle C109","ENS Ulm Immeuble Rataud Amphi Galois","","Salle C103","","","","","","","","","","","","","","","","","","","","","",""
"","16h00-18h00","","16h15 - 18h15","","","","","","","","","","","","","","","","","","","","","",""
"","Lecture Group: foundations and theory of mathematics for learning & vision","","TP-Sub-pixel Image Processing","","","","","","","","","","","","","","","","","","","","","",""
"","V.Perchet","","L, Moisan","","","","","","","","","","","","","","","","","","","","","",""
"","salle C103","","Salle C109","","","","","","","","","","","","","","","","","","","","","",""
"semaine 48","","","","","","","","","","","","","","","","","","","","","","","","",""
"lundi 27 novembre 2017","mardi 28 novembre 2017","mercredi 29 novembre 2017","jeudi 30 novembre 2017","vendredi 1 décembre 2017","","","","","","","","","","","","","","","","","","","","",""
"09h30 - 13h00","08h45 - 10h45","09h00 - 12h00","09h00 - 12h15","09h00-13h00","","","","","","","","","","","","","","","","","","","","",""
"FORUM DES STAGES","Introduction to Statistical Learning","Probabilistic Graphical Models","Introduction à l'imagerie numérique","Computational Statistics","","","","","","","","","","","","","","","","","","","","",""
"","N, Vayatis","Bach / Obozinski","Gousseau / Delon","S.Allassonnière","","","","","","","","","","","","","","","","","","","","",""
"ENS Cachan Hall Villon","Salle Condorcet","Amphi Marie Curie","Telecom Salle C49","Salle Condorcet / TP C109","","","","","","","","","","","","","","","","","","","","",""
"","11h00 - 15h00","","11h00 - 13h00","9h00-12h00","","","","","","","","","","","","","","","","","","","","",""
"","Advanced Learning for Text and
  Graph Data (ALTeGraD)","","Reinforcement Learning","Unsupervised learning: From big data to low-dimensional representations","","","","","","","","","","","","","","","","","","","","",""
"","M, Vazirgiannis","","A, Lazaric","R. Vidal","","","","","","","","","","","","","","","","","","","","",""
"","ENS Cachan amphi Curie","","Salle Condorcet","Salle C315","","","","","","","","","","","","","","","","","","","","",""
"10h30-12h30","11h00 -13h00","13h30 - 16h30","13h30 - 18h45","","","","","","","","","","","","","","","","","","","","","",""
"Graphs in Machine Learning","Analyse topologique de données","Optimisation et caractéristiques des minimiseurs. Application aux images.","Méthodes mathématiques pour les
  neurosciences","","","","","","","","","","","","","","","","","","","","","",""
"M, Valko","J.Tierny / F.Chazal","M. Nikolova","Tanre / Veltz","","","","","","","","","","","","","","","","","","","","","",""
"Salle Condorcet","Salle C103","Salle C103","Jussieu, salle à venir","","","","","","","","","","","","","","","","","","","","","",""
"14h00-16h00","12h45 - 15h45","","","","","","","","","","","","","","","","","","","","","","","",""
"TD Graphs in Machine Learning","3D Computer Vision","","","","","","","","","","","","","","","","","","","","","","","",""
"M, Valko","","","","","","","","","","","","","","","","","","","","","","","","",""
"","P.Monasse","","","","","","","","","","","","","","","","","","","","","","","",""
"Amphi Tocqueville ENS Cachan","Telecom salle C49","","","","","","","","","","","","","","","","","","","","","","","",""
"13h45-16h45","16h15 - 19h15","13h30 - 17h00","13h30 - 16h00","14h00 - 17h00","","","","","","","","","","","","","","","","","","","","",""
"Discrete Inference and Learning","Object Recognition and Computer 
 Vision","Introduction to Medical Image Analysis","Sub-pixel Image Processing","The partial differential equations of image processing","","","","","","","","","","","","","","","","","","","","",""
"N.Paragios/Y.Tarabalka/K.Alahari","Ponce / Sivic","H, Delingette","L, Moisan","JM, Morel","","","","","","","","","","","","","","","","","","","","",""
"CentraleSupélec Salle à confirmer","ENS Ulm Immeuble Rataud Amphi Galois","Salle C102","Salle C103","Salle C103","","","","","","","","","","","","","","","","","","","","",""
"","16h00-18h00","","16h15 - 18h15","15h00-17h00","","","","","","","","","","","","","","","","","","","","",""
"","Lecture Group: foundations and theory of mathematics for learning & vision","","TP-Sub-pixel Image Processing","Lecture Group: foundations and theory of mathematics for learning & vision","","","","","","","","","","","","","","","","","","","","",""
"","V.Perchet","","L, Moisan","V.Perchet","","","","","","","","","","","","","","","","","","","","",""
"","salle C103","","Salle C109","salle C102","","","","","","","","","","","","","","","","","","","","",""
"semaine 49","","","","","","","","","","","","","","","","","","","","","","","","",""
"lundi 4 décembre 2017","mardi 5 décembre 2017","mercredi 6 décembre 2017","jeudi 7 décembre 2017","vendredi 8 décembre 2017","","","","","","","","","","","","","","","","","","","","",""
"","08h45 - 10h45","09h00 - 12h00","09h00 - 12h15","09h00-13h00","","","","","","","","","","","","","","","","","","","","",""
"","Introduction to Statistical Learning","Probabilistic Graphical Models","TP Introduction à l'imagerie numérique","Computational Statistics","","","","","","","","","","","","","","","","","","","","",""
"","N, Vayatis","Bach / Obozinski","Gousseau / Delon","S.Allassonnière","","","","","","","","","","","","","","","","","","","","",""
"","Salle Condorcet","Amphi Marie Curie","Telecom Salle C133","Amphi Curie / TP C109","","","","","","","","","","","","","","","","","","","","",""
"10h30-12h30","11h00 -13h00","","13h30 - 18h45","","","","","","","","","","","","","","","","","","","","","",""
"Graphs in Machine Learning","Analyse topologique de données","","Méthodes mathématiques pour les
  neurosciences","","","","","","","","","","","","","","","","","","","","","",""
"M, Valko","J.Tierny / F.Chazal","","Tanre / Veltz","","","","","","","","","","","","","","","","","","","","","",""
"Salle Condorcet","Salle C103","","Jussieu, salle à venir","","","","","","","","","","","","","","","","","","","","","",""
"13h45-16h45","11h00 - 13h00","13h30 - 16h30","13h30 - 16h00","","","","","","","","","","","","","","","","","","","","","",""
"Discrete Inference and Learning","Reinforcement Learning","TP Optimisation et caractéristiques des minimiseurs. Application aux images.","Sub-pixel Image Processing","","","","","","","","","","","","","","","","","","","","","",""
"N.Paragios/Y.Tarabalka/K.Alahari","A, Lazaric","S.Ladjal","L, Moisan","","","","","","","","","","","","","","","","","","","","","",""
"CentraleSupélec Salle à confirmer","Salle Condorcet","Salle C109","Salle C103","","","","","","","","","","","","","","","","","","","","","",""
"14h00 -16h00","16h15 - 19h15","","16h15 - 18h15","","","","","","","","","","","","","","","","","","","","","",""
"TP Analyse topologique de données","Object Recognition and Computer 
 Vision","","TP-Sub-pixel Image Processing","","","","","","","","","","","","","","","","","","","","","",""
"J.Tierny / F.Chazal","Ponce / Sivic","","L, Moisan","","","","","","","","","","","","","","","","","","","","","",""
"Salle C109","ENS Ulm Immeuble Rataud Amphi Galois","","Salle C109","","","","","","","","","","","","","","","","","","","","","",""
"","16h00-18h00","","","","","","","","","","","","","","","","","","","","","","","",""
"","Lecture Group: foundations and theory of mathematics for learning & vision","","","","","","","","","","","","","","","","","","","","","","","",""
"","V.Perchet","","","","","","","","","","","","","","","","","","","","","","","",""
"","salle C103","","","","","","","","","","","","","","","","","","","","","","","",""
"semaine 50","","","","","","","","","","","","","","","","","","","","","","","","",""
"lundi 11 décembre 2017","mardi 12 décembre 2017","mercredi 13 décembre 2017","jeudi 14 décembre 2017","vendredi 15 décembre 2017","","","","","","","","","","","","","","","","","","","","",""
"","08h45 - 10h45","FORUM DE L'EMPLOI MATHS Centre des Congrès Cité des Sciences et de l'Industrie Paris La Villette http://www.forum-emploi-maths.org","09h00 - 12h15","09h00-13h00","","","","","","","","","","","","","","","","","","","","",""
"","Introduction to Statistical Learning","","Introduction à l'imagerie numérique","Computational Statistics","","","","","","","","","","","","","","","","","","","","",""
"","N, Vayatis","","Gousseau / Delon","S.Allassonnière","","","","","","","","","","","","","","","","","","","","",""
"","Salle Condorcet","","Telecom Salle C49","Salle Condorcet / TP C109","","","","","","","","","","","","","","","","","","","","",""
"10h30-12h30","11h00 -13h00","","","","","","","","","","","","","","","","","","","","","","","",""
"Graphs in Machine Learning","TP Analyse topologique de données","09h00 - 12h00  Probabilistic Graphical Models","","","","","","","","","","","","","","","","","","","","","","",""
"M, Valko","J.Tierny / F.Chazal","Bach / Obozinski","","","","","","","","","","","","","","","","","","","","","","",""
"Salle Condorcet","Salle C109","Amphi Marie Curie","","","","","","","","","","","","","","","","","","","","","","",""
"14h00 - 18h00","11h00 - 15h00","13h30 - 16h30","13h30 - 16h00","14h00-18h00","","","","","","","","","","","","","","","","","","","","",""
"Advanced Learning for Text and
  Graph Data (ALTeGraD)","Advanced Learning for Text and
  Graph Data (ALTeGraD)","TP Optimisation et caractéristiques des minimiseurs. Application aux images.","Sub-pixel Image Processing","Advanced Learning for Text and
  Graph Data (ALTeGraD)","","","","","","","","","","","","","","","","","","","","",""
"M, Vazirgiannis","M, Vazirgiannis","S Ladjal","L, Moisan","M, Vazirgiannis","","","","","","","","","","","","","","","","","","","","",""
"Salle Condorcet","Amphi Marie Curie","Salle C109","Salle C103","ENS Cachan amphi Curie","","","","","","","","","","","","","","","","","","","","",""
"13h45-16h45","16h15 - 19h15","","16h15 - 18h15","","","","","","","","","","","","","","","","","","","","","",""
"Discrete Inference and Learning","Object Recognition and Computer 
 Vision","","TP-Sub-pixel Image Processing","","","","","","","","","","","","","","","","","","","","","",""
"N.Paragios/Y.Tarabalka/K.Alahari","Ponce / Sivic","","L, Moisan","","","","","","","","","","","","","","","","","","","","","",""
"CentraleSupélec Salle à confirmer","ENS Ulm Immeuble Rataud Amphi Galois","","Salle C109","","","","","","","","","","","","","","","","","","","","","",""
"","16h00-18h00","","","15h00-17h00","","","","","","","","","","","","","","","","","","","","",""
"","Lecture Group: foundations and theory of mathematics for learning & vision","","","Lecture Group: foundations and theory of mathematics for learning & vision","","","","","","","","","","","","","","","","","","","","",""
"","V.Perchet","","","V.Perchet","","","","","","","","","","","","","","","","","","","","",""
"","salle C103","","","salle C102","","","","","","","","","","","","","","","","","","","","",""
"semaine 51","","","","","","","","","","","","","","","","","","","","","","","","",""
"lundi 18 décembre 2017","mardi 19 décembre 2017","mercredi 20 décembre 2017","jeudi 21 décembre 2017","vendredi 22 décembre 2017","","","","","","","","","","","","","","","","","","","","",""
"","08h45 - 10h45","09h00 - 12h00   ","09h00 - 12h15","","","","","","","","","","","","","","","","","","","","","",""
"","Introduction to Statistical Learning","Probabilistic graphical models","Introduction à l'imagerie numérique","","","","","","","","","","","","","","","","","","","","","",""
"","N, Vayatis","Bach / Obozinski","Gousseau / Delon","","","","","","","","","","","","","","","","","","","","","",""
"","Salle Condorcet","Amphi Marie Curie","Telecom Salle C49","","","","","","","","","","","","","","","","","","","","","",""
"10h30-12h30","11h00 - 13h00","","","","","","","","","","","","","","","","","","","","","","","",""
"Graphs in Machine Learning","Reinforcement Learning","","","","","","","","","","","","","","","","","","","","","","","",""
"M, Valko","A, Lazaric","","","","","","","","","","","","","","","","","","","","","","","",""
"Salle Condorcet","Salle Condorcet","","","","","","","","","","","","","","","","","","","","","","","",""
"14h00-17h00","","13h30 - 17h00","14h00 - 18h00","","","","","","","","","","","","","","","","","","","","","",""
"SéminaireAnalyse topologique de données","","Introduction to Medical Image Analysis","Advanced Learning for Text and
  Graph Data (ALTeGraD)","","","","","","","","","","","","","","","","","","","","","",""
"J.Tierny / F.Chazal","","H, Delingette / X. Pennec","M, Vazirgiannis","","","","","","","","","","","","","","","","","","","","","",""
"Salle C103","","Salle C102","Amphi Marie Curie","","","","","","","","","","","","","","","","","","","","","",""
"EXAMEN13h45-16h45","16h15 - 19h15","13h30 - 16h30","","","","","","","","","","","","","","","","","","","","","","",""
"Discrete Inference and Learning","Object Recognition and Computer 
 Vision","Optimisation et caractéristiques des minimiseurs. Application aux images.","","","","","","","","","","","","","","","","","","","","","","",""
"N.Paragios/Y.Tarabalka/K.Alahari","Ponce / Sivic","M.Nikolova","","","","","","","","","","","","","","","","","","","","","","",""
"CentraleSupélec Salle à confirmer","ENS Ulm Immeuble Rataud Amphi Galois","Salle C103","","","","","","","","","","","","","","","","","","","","","","",""
"","16h00-18h00","","","","","","","","","","","","","","","","","","","","","","","",""
"","Lecture Group: foundations and theory of mathematics for learning & vision","","","","","","","","","","","","","","","","","","","","","","","",""
"","V.Perchet","","","","","","","","","","","","","","","","","","","","","","","",""
"","salle C103","","","","","","","","","","","","","","","","","","","","","","","",""
"semaine 52","","","","","","","","","","","","","","","","","","","","","","","","",""
"lundi 25 décembre 2017","mardi 26 décembre 2017","mercredi 27 décembre 2017","jeudi 28 décembre 2017","vendredi 29 décembre 2017","","","","","","","","","","","","","","","","","","","","",""
"","VACANCES BIEN MERITÉES","","","","","","","","","","","","","","","","","","","","","","","",""